{
  "lang":"en",
  "name":"pipeline",
  "version":"0.0.0",
  "spacy_version":">=3.7.4,<3.8.0",
  "description":"",
  "author":"",
  "email":"",
  "url":"",
  "license":"",
  "spacy_git_version":"bff8725f4",
  "vectors":{
    "width":0,
    "vectors":0,
    "keys":0,
    "name":null,
    "mode":"default"
  },
  "labels":{
    "tok2vec":[

    ],
    "ner":[
      "ACTION",
      "ADVERB",
      "ANGLE",
      "BOADY_PART",
      "CHARACTER",
      "DIRECTION",
      "DURATION",
      "END_POSE",
      "ITERATION",
      "START_POSE"
    ]
  },
  "pipeline":[
    "tok2vec",
    "ner"
  ],
  "components":[
    "tok2vec",
    "ner"
  ],
  "disabled":[

  ],
  "performance":{
    "ents_f":0.7961570593,
    "ents_p":0.7837171053,
    "ents_r":0.8089983022,
    "ents_per_type":{
      "CHARACTER":{
        "p":0.9846938776,
        "r":0.9507389163,
        "f":0.9674185464
      },
      "ACTION":{
        "p":0.6919917864,
        "r":0.8542458809,
        "f":0.7646057856
      },
      "ITERATION":{
        "p":0.7230769231,
        "r":0.7305699482,
        "f":0.7268041237
      },
      "ANGLE":{
        "p":0.0,
        "r":0.0,
        "f":0.0
      },
      "DIRECTION":{
        "p":0.6666666667,
        "r":0.1007194245,
        "f":0.175
      },
      "DURATION":{
        "p":0.6585365854,
        "r":0.8709677419,
        "f":0.75
      },
      "END_POSE":{
        "p":0.75,
        "r":1.0,
        "f":0.8571428571
      },
      "START_POSE":{
        "p":0.0,
        "r":0.0,
        "f":0.0
      },
      "ADVERB":{
        "p":0.6382978723,
        "r":0.8737864078,
        "f":0.737704918
      },
      "BOADY_PART":{
        "p":0.65,
        "r":0.8125,
        "f":0.7222222222
      }
    },
    "tok2vec_loss":451.2152901742,
    "ner_loss":29120.933093901
  }
}