{
  "lang":"en",
  "name":"pipeline",
  "version":"0.0.0",
  "spacy_version":">=3.7.4,<3.8.0",
  "description":"",
  "author":"",
  "email":"",
  "url":"",
  "license":"",
  "spacy_git_version":"bff8725f4",
  "vectors":{
    "width":0,
    "vectors":0,
    "keys":0,
    "name":null,
    "mode":"default"
  },
  "labels":{
    "tok2vec":[

    ],
    "ner":[
      "ACTION",
      "ADVERB",
      "ANGLE",
      "BOADY_PART",
      "CHARACTER",
      "DIRECTION",
      "DURATION",
      "END_POSE",
      "ITERATION",
      "START_POSE"
    ]
  },
  "pipeline":[
    "tok2vec",
    "ner"
  ],
  "components":[
    "tok2vec",
    "ner"
  ],
  "disabled":[

  ],
  "performance":{
    "ents_f":0.7999204455,
    "ents_p":0.7526197605,
    "ents_r":0.853565365,
    "ents_per_type":{
      "CHARACTER":{
        "p":0.9589371981,
        "r":0.9778325123,
        "f":0.9682926829
      },
      "ACTION":{
        "p":0.6624087591,
        "r":0.9201520913,
        "f":0.7702917772
      },
      "ITERATION":{
        "p":0.7185929648,
        "r":0.7409326425,
        "f":0.7295918367
      },
      "ANGLE":{
        "p":0.3823529412,
        "r":0.3023255814,
        "f":0.3376623377
      },
      "DIRECTION":{
        "p":0.5217391304,
        "r":0.2589928058,
        "f":0.3461538462
      },
      "DURATION":{
        "p":0.6585365854,
        "r":0.8709677419,
        "f":0.75
      },
      "END_POSE":{
        "p":0.75,
        "r":1.0,
        "f":0.8571428571
      },
      "START_POSE":{
        "p":0.0,
        "r":0.0,
        "f":0.0
      },
      "ADVERB":{
        "p":0.6511627907,
        "r":0.8155339806,
        "f":0.724137931
      },
      "BOADY_PART":{
        "p":0.65,
        "r":0.8125,
        "f":0.7222222222
      }
    },
    "tok2vec_loss":323.3276583897,
    "ner_loss":20917.6286809373
  }
}